Year-Month,Final Priority,Count,Mean (sec),Median (sec),P90 (sec)
2025-05,0-PURPLE,604,538.0,457.0,855.0
2025-06,0-PURPLE,652,537.0,472.0,808.0
2025-07,0-PURPLE,653,556.0,484.0,848.0
2025-08,0-PURPLE,707,533.0,464.0,807.0
2025-09,0-PURPLE,625,533.0,465.0,829.0
2025-10,0-PURPLE,722,543.0,466.0,864.0
2025-11,0-PURPLE,670,556.0,464.0,878.0
2025-12,0-PURPLE,840,579.0,480.0,921.0
2026-01,0-PURPLE,710,548.0,451.0,849.0
2026-02,0-PURPLE,629,533.0,460.0,825.0
2026-03,0-PURPLE,628,513.0,436.0,758.0
2026-04,0-PURPLE,720,469.0,420.0,692.0
2025-05,1-RED (ACP),4887,681.0,594.0,992.0
2025-06,1-RED (ACP),4814,733.0,609.0,1102.0
2025-07,1-RED (ACP),5116,688.0,592.0,1028.0
2025-08,1-RED (ACP),4985,727.0,603.0,1107.0
2025-09,1-RED (ACP),4778,720.0,599.0,1080.0
2025-10,1-RED (ACP),4853,690.0,579.0,1041.0
2025-11,1-RED (ACP),4955,711.0,599.0,1060.0
2025-12,1-RED (ACP),5865,908.0,653.0,1370.0
2026-01,1-RED (ACP),4896,726.0,608.0,1067.0
2026-02,1-RED (ACP),4675,715.0,582.0,1027.0
2026-03,1-RED (ACP),5238,673.0,575.0,979.0
2026-04,1-RED (ACP),6543,692.0,571.0,989.0
2025-05,2-RED (PCP),4168,719.0,626.0,1075.0
2025-06,2-RED (PCP),3587,802.0,646.0,1251.0
2025-07,2-RED (PCP),3726,765.0,630.0,1151.0
2025-08,2-RED (PCP),4042,804.0,642.0,1219.0
2025-09,2-RED (PCP),4102,778.0,634.0,1151.0
2025-10,2-RED (PCP),4024,759.0,624.0,1129.0
2025-11,2-RED (PCP),4026,770.0,635.0,1150.0
2025-12,2-RED (PCP),5211,1021.0,702.0,1680.0
2026-01,2-RED (PCP),4444,767.0,632.0,1129.0
2026-02,2-RED (PCP),3989,758.0,625.0,1081.0
2026-03,2-RED (PCP),4381,716.0,593.0,1050.0
2026-04,2-RED (PCP),4395,724.0,603.0,1042.0
2025-05,3-ORANGE,12395,1395.0,1169.0,2386.0
2025-06,3-ORANGE,13633,1624.0,1298.0,2875.0
2025-07,3-ORANGE,13797,1497.0,1235.0,2605.0
2025-08,3-ORANGE,13889,1540.0,1256.0,2751.0
2025-09,3-ORANGE,12769,1643.0,1286.0,2942.0
2025-10,3-ORANGE,13162,1578.0,1261.0,2821.0
2025-11,3-ORANGE,12900,1608.0,1305.0,2876.0
2025-12,3-ORANGE,11148,2540.0,1650.0,4996.0
2026-01,3-ORANGE,9391,1409.0,1143.0,2388.0
2026-02,3-ORANGE,8767,1445.0,1156.0,2442.0
2026-03,3-ORANGE,9403,1366.0,1103.0,2280.0
2026-04,3-ORANGE,8968,1446.0,1148.0,2468.0
2025-05,4-YELLOW,3727,1909.0,1429.0,3658.0
2025-06,4-YELLOW,3367,2450.0,1732.0,4944.0
2025-07,4-YELLOW,3536,2186.0,1592.0,4337.0
2025-08,4-YELLOW,3673,2284.0,1617.0,4768.0
2025-09,4-YELLOW,3294,2381.0,1660.0,4965.0
2025-10,4-YELLOW,3439,2315.0,1613.0,4540.0
2025-11,4-YELLOW,3455,2438.0,1782.0,4957.0
2025-12,4-YELLOW,4895,3963.0,2446.0,8837.0
2026-01,4-YELLOW,6975,2530.0,1695.0,5280.0
2026-02,4-YELLOW,6080,2614.0,1808.0,5542.0
2026-03,4-YELLOW,7008,2354.0,1669.0,4895.0
2026-04,4-YELLOW,5978,2392.0,1614.0,5100.0
2025-07,5-REFERRAL 811,1,78.0,78.0,78.0
2025-08,5-REFERRAL 811,1,270.0,270.0,270.0
2026-01,5-REFERRAL 811,1,737.0,737.0,737.0
2026-03,5-REFERRAL 811,2,377.0,377.0,422.0
2025-05,6-REFERRAL TFS,3,971.0,992.0,1430.0
2025-06,6-REFERRAL TFS,2,1369.0,1369.0,1572.0
2025-09,6-REFERRAL TFS,2,1200.0,1200.0,1806.0
2025-10,6-REFERRAL TFS,3,562.0,448.0,744.0
2025-11,6-REFERRAL TFS,2,2386.0,2386.0,3779.0
2026-01,6-REFERRAL TFS,2,230.0,230.0,324.0
2026-02,6-REFERRAL TFS,1,468.0,468.0,468.0
2026-03,6-REFERRAL TFS,1,1698.0,1698.0,1698.0
2025-05,CODE 2,12,6009.0,4087.0,14286.0
2025-06,CODE 2,3,5935.0,1374.0,12940.0
2025-07,CODE 2,3,8859.0,7520.0,12624.0
2025-08,CODE 2,9,4655.0,2528.0,10233.0
2025-09,CODE 2,5,3933.0,1896.0,8533.0
2025-10,CODE 2,1,4081.0,4081.0,4081.0
2025-11,CODE 2,6,1161.0,1212.0,1816.0
2025-12,CODE 2,7,4997.0,3653.0,9309.0
2026-01,CODE 2,6,4132.0,4854.0,6620.0
2026-02,CODE 2,3,6036.0,768.0,13637.0
2026-03,CODE 2,3,5843.0,1340.0,12655.0
2026-04,CODE 2,8,2637.0,1257.0,5310.0
2025-05,COURTESY CODE 2,272,1752.0,1406.0,3151.0
2025-06,COURTESY CODE 2,154,1793.0,1504.0,3177.0
2025-07,COURTESY CODE 2,163,1707.0,1337.0,3237.0
2025-08,COURTESY CODE 2,121,1792.0,1573.0,2787.0
2025-09,COURTESY CODE 2,160,1582.0,1340.0,2566.0
2025-10,COURTESY CODE 2,171,1481.0,1286.0,2418.0
2025-11,COURTESY CODE 2,171,1820.0,1436.0,3111.0
2025-12,COURTESY CODE 2,112,1704.0,1400.0,3036.0
2026-01,COURTESY CODE 2,222,1537.0,1282.0,2597.0
2026-02,COURTESY CODE 2,146,1456.0,1238.0,2297.0
2026-03,COURTESY CODE 2,258,2151.0,1618.0,4282.0
2026-04,COURTESY CODE 2,253,2142.0,1553.0,4114.0
2025-05,SCHEDULED TRANSFER,1,1871.0,1871.0,1871.0
2025-08,SCHEDULED TRANSFER,2,1930.0,1930.0,3410.0
