Hour of Day (0-23),Count,Mean (sec),Median (sec),P10 (sec),P90 (sec)
0,10816,1371.0,925.0,438.0,2606.0
1,9646,1316.0,930.0,450.0,2467.0
2,8716,1255.0,920.0,450.0,2369.0
3,7744,1169.0,900.0,461.0,2077.0
4,6982,1097.0,856.0,466.0,1869.0
5,6967,1209.0,931.0,483.0,2172.0
6,7796,1301.0,1038.0,510.0,2426.0
7,9711,1113.0,888.0,468.0,1932.0
8,12802,1206.0,913.0,444.0,2178.0
9,15639,1350.0,916.0,442.0,2457.0
10,16673,1586.0,1036.0,454.0,3169.0
11,16826,1576.0,983.0,439.0,3211.0
12,17276,1601.0,1001.0,427.0,3350.0
13,17120,1544.0,1018.0,433.0,3125.0
14,16790,1459.0,968.0,423.0,2822.0
15,16707,1442.0,988.0,422.0,2815.0
16,16596,1467.0,976.0,423.0,2794.0
17,16235,1580.0,986.0,423.0,3205.0
18,15753,1718.0,1116.0,446.0,3645.0
19,15705,1467.0,990.0,431.0,2918.0
20,15210,1419.0,955.0,425.0,2846.0
21,14977,1415.0,932.0,427.0,2780.0
22,13410,1440.0,947.0,430.0,2939.0
23,11705,1465.0,970.0,446.0,3002.0
