Problem (Short),Final Priority,Count,Mean (sec),Median (sec),P90 (sec),Max (sec),Calls Over 30 min,Calls Over 1 hr,Mean (min)
10,0-PURPLE,104,252.0,222.0,440.0,1359.0,0,0,4.2
10,Life threatening,104,252.0,222.0,440.0,1359.0,0,0,4.2
Abdominal Pain/Problems,0-PURPLE,1,1071.0,1071.0,1071.0,1071.0,0,0,17.85
Abdominal Pain/Problems,3-ORANGE,4213,1835.0,1366.0,3346.0,25146.0,1342,365,30.58
Abdominal Pain/Problems,4-YELLOW,4833,2522.0,1774.0,5140.0,28336.0,2375,976,42.03
Abdominal Pain/Problems,1-RED (COMBINED),98,1922.0,1181.0,4147.0,13759.0,31,14,32.03
Abdominal Pain/Problems,Life threatening,99,1913.0,1171.0,4147.0,13759.0,31,14,31.88
Administration,3-ORANGE,3,1496.0,1568.0,1777.0,1829.0,1,0,24.93
Administration,4-YELLOW,4,2075.0,86.0,5717.0,8107.0,1,1,34.58
Allergies/Envenomations,0-PURPLE,33,489.0,400.0,701.0,1835.0,1,0,8.15
Allergies/Envenomations,3-ORANGE,823,1315.0,1083.0,2387.0,9181.0,178,26,21.92
Allergies/Envenomations,4-YELLOW,144,1875.0,1254.0,3898.0,14614.0,51,17,31.25
Allergies/Envenomations,1-RED (COMBINED),3037,648.0,575.0,938.0,8146.0,50,7,10.8
Allergies/Envenomations,Life threatening,3070,646.0,574.0,936.0,8146.0,51,7,10.77
Animal Bites/Attacks,3-ORANGE,274,1562.0,1286.0,2717.0,15939.0,67,14,26.03
Animal Bites/Attacks,4-YELLOW,137,2321.0,1583.0,4179.0,20367.0,56,24,38.68
Animal Bites/Attacks,1-RED (COMBINED),58,942.0,778.0,1836.0,2717.0,6,0,15.7
Animal Bites/Attacks,Life threatening,58,942.0,778.0,1836.0,2717.0,6,0,15.7
Assault/Sexual Assault,0-PURPLE,10,1430.0,804.0,3433.0,4940.0,2,1,23.83
Assault/Sexual Assault,3-ORANGE,4317,1464.0,1170.0,2589.0,34651.0,968,174,24.4
Assault/Sexual Assault,4-YELLOW,4422,2094.0,1497.0,4158.0,23328.0,1771,585,34.9
Assault/Sexual Assault,1-RED (COMBINED),216,1105.0,792.0,2186.0,10016.0,31,7,18.42
Assault/Sexual Assault,Life threatening,226,1120.0,792.0,2192.0,10016.0,33,8,18.67
Assist FD,1-RED (COMBINED),2,428.0,428.0,551.0,582.0,0,0,7.13
Assist FD,Life threatening,2,428.0,428.0,551.0,582.0,0,0,7.13
Assist PC (Assist Police),1-RED (COMBINED),17,563.0,438.0,651.0,3095.0,1,0,9.38
Assist PC (Assist Police),Life threatening,17,563.0,438.0,651.0,3095.0,1,0,9.38
Back Pn (Non traum/recent),0-PURPLE,1,638.0,638.0,638.0,638.0,0,0,10.63
Back Pn (Non traum/recent),3-ORANGE,1105,2200.0,1464.0,3910.0,26967.0,399,125,36.67
Back Pn (Non traum/recent),4-YELLOW,2606,2700.0,1860.0,5645.0,28660.0,1343,577,45.0
Back Pn (Non traum/recent),1-RED (COMBINED),32,2006.0,1528.0,4483.0,4932.0,13,6,33.43
Back Pn (Non traum/recent),Life threatening,33,1965.0,1474.0,4439.0,4932.0,13,6,32.75
Breathing Problems,0-PURPLE,409,580.0,507.0,818.0,4289.0,7,1,9.67
Breathing Problems,3-ORANGE,7926,1388.0,1138.0,2460.0,12076.0,1592,268,23.13
Breathing Problems,4-YELLOW,5,819.0,813.0,1290.0,1499.0,0,0,13.65
Breathing Problems,1-RED (COMBINED),17954,704.0,589.0,1013.0,12355.0,565,130,11.73
Breathing Problems,Life threatening,18363,702.0,587.0,1009.0,12355.0,572,131,11.7
Burns/Scalds/Explosion,0-PURPLE,8,520.0,490.0,744.0,980.0,0,0,8.67
Burns/Scalds/Explosion,3-ORANGE,109,1336.0,1107.0,2088.0,9687.0,19,3,22.27
Burns/Scalds/Explosion,4-YELLOW,56,2078.0,1470.0,4466.0,7837.0,23,9,34.63
Burns/Scalds/Explosion,5-REFERRAL 811,1,270.0,270.0,270.0,270.0,0,0,4.5
Burns/Scalds/Explosion,1-RED (COMBINED),227,733.0,615.0,1104.0,3367.0,9,0,12.22
Burns/Scalds/Explosion,Life threatening,235,726.0,614.0,1093.0,3367.0,9,0,12.1
CarbMono/Inhal/HazMat,0-PURPLE,3,709.0,844.0,913.0,930.0,0,0,11.82
CarbMono/Inhal/HazMat,3-ORANGE,15,917.0,694.0,1741.0,2429.0,2,0,15.28
CarbMono/Inhal/HazMat,4-YELLOW,30,1916.0,1221.0,4211.0,10518.0,8,4,31.93
CarbMono/Inhal/HazMat,6-REFERRAL TFS,5,448.0,443.0,670.0,818.0,0,0,7.47
CarbMono/Inhal/HazMat,1-RED (COMBINED),587,644.0,594.0,928.0,3165.0,4,0,10.73
CarbMono/Inhal/HazMat,Life threatening,590,644.0,594.0,930.0,3165.0,4,0,10.73
Cardiac/Resp Arrest,0-PURPLE,4154,541.0,454.0,874.0,4756.0,59,2,9.02
Cardiac/Resp Arrest,3-ORANGE,146,1205.0,869.0,2644.0,5653.0,29,3,20.08
Cardiac/Resp Arrest,4-YELLOW,2,1198.0,1198.0,1900.0,2075.0,1,0,19.97
Cardiac/Resp Arrest,1-RED (COMBINED),115,605.0,481.0,1157.0,1825.0,1,0,10.08
Cardiac/Resp Arrest,Life threatening,4269,542.0,455.0,885.0,4756.0,60,2,9.03
Chest Pain,0-PURPLE,36,635.0,574.0,859.0,2111.0,1,0,10.58
Chest Pain,3-ORANGE,11220,1410.0,1154.0,2452.0,16488.0,2303,385,23.5
Chest Pain,4-YELLOW,437,1963.0,1470.0,3774.0,14072.0,164,48,32.72
Chest Pain,1-RED (COMBINED),13721,793.0,637.0,1158.0,12440.0,656,168,13.22
Chest Pain,Life threatening,13757,793.0,637.0,1157.0,12440.0,657,168,13.22
Chest Pain (ALS),1-RED (COMBINED),203,699.0,638.0,1045.0,3457.0,4,0,11.65
Chest Pain (ALS),Life threatening,203,699.0,638.0,1045.0,3457.0,4,0,11.65
Choking,0-PURPLE,109,448.0,422.0,653.0,1233.0,0,0,7.47
Choking,3-ORANGE,210,1322.0,1020.0,2462.0,9612.0,40,9,22.03
Choking,4-YELLOW,172,1867.0,1434.0,3902.0,7702.0,62,21,31.12
Choking,1-RED (COMBINED),630,665.0,563.0,1009.0,5203.0,19,3,11.08
Choking,Life threatening,739,633.0,540.0,965.0,5203.0,19,3,10.55
Command Post - CBRNE,3-ORANGE,45,1278.0,1106.0,2177.0,5920.0,8,1,21.3
Command Post - ETF,3-ORANGE,415,2786.0,1280.0,7274.0,35635.0,123,64,46.43
Command Post - ETF,1-RED (COMBINED),2,1257.0,1257.0,1549.0,1622.0,0,0,20.95
Command Post - ETF,Life threatening,2,1257.0,1257.0,1549.0,1622.0,0,0,20.95
Command Post - Police,3-ORANGE,5,2555.0,983.0,5743.0,8868.0,1,1,42.58
Convulsions/Seizures,0-PURPLE,114,628.0,540.0,924.0,2393.0,1,0,10.47
Convulsions/Seizures,3-ORANGE,1758,1249.0,1059.0,2139.0,11584.0,284,35,20.82
Convulsions/Seizures,4-YELLOW,86,2343.0,1548.0,5782.0,8953.0,38,15,39.05
Convulsions/Seizures,1-RED (COMBINED),7808,690.0,600.0,1008.0,18958.0,186,28,11.5
Convulsions/Seizures,Life threatening,7922,689.0,599.0,1007.0,18958.0,187,28,11.48
Diabetic Problems,0-PURPLE,126,500.0,449.0,715.0,1686.0,0,0,8.33
Diabetic Problems,3-ORANGE,402,1900.0,1310.0,3381.0,28242.0,138,35,31.67
Diabetic Problems,4-YELLOW,502,2221.0,1634.0,4283.0,21330.0,216,79,37.02
Diabetic Problems,5-REFERRAL 811,2,408.0,408.0,671.0,737.0,0,0,6.8
Diabetic Problems,1-RED (COMBINED),1175,844.0,615.0,1224.0,15964.0,68,29,14.07
Diabetic Problems,Life threatening,1301,810.0,598.0,1155.0,15964.0,68,29,13.5
Drown/Diving/Scuba Acc,0-PURPLE,45,562.0,451.0,890.0,1883.0,1,0,9.37
Drown/Diving/Scuba Acc,3-ORANGE,5,1909.0,503.0,4902.0,7551.0,1,1,31.82
Drown/Diving/Scuba Acc,4-YELLOW,1,634.0,634.0,634.0,634.0,0,0,10.57
Drown/Diving/Scuba Acc,1-RED (COMBINED),65,708.0,607.0,1216.0,2640.0,2,0,11.8
Drown/Diving/Scuba Acc,Life threatening,110,648.0,559.0,1183.0,2640.0,3,0,10.8
Duty Assigned - Dedicated,4-YELLOW,1,49741.0,49741.0,49741.0,49741.0,1,1,829.02
Electrocution,1-RED (COMBINED),58,631.0,602.0,851.0,1649.0,0,0,10.52
Electrocution,Life threatening,58,631.0,602.0,851.0,1649.0,0,0,10.52
Emerg Transfer,3-ORANGE,2125,2632.0,1190.0,5190.0,110324.0,618,284,43.87
Emerg Transfer,4-YELLOW,2,16942.0,16942.0,20782.0,21742.0,2,2,282.37
Emerg Transfer,1-RED (COMBINED),4,3223.0,1692.0,6343.0,8302.0,1,1,53.72
Emerg Transfer,Life threatening,4,3223.0,1692.0,6343.0,8302.0,1,1,53.72
Eye Problems/Injuries,3-ORANGE,250,1633.0,1290.0,2454.0,25703.0,67,9,27.22
Eye Problems/Injuries,4-YELLOW,184,2377.0,1687.0,5276.0,12941.0,83,32,39.62
Eye Problems/Injuries,1-RED (COMBINED),22,711.0,642.0,823.0,3034.0,1,0,11.85
Eye Problems/Injuries,Life threatening,22,711.0,642.0,823.0,3034.0,1,0,11.85
Falls,0-PURPLE,398,593.0,496.0,872.0,4970.0,9,3,9.88
Falls,3-ORANGE,21691,1620.0,1291.0,2836.0,26473.0,6159,1161,27.0
Falls,4-YELLOW,6295,2481.0,1702.0,5203.0,33432.0,2967,1207,41.35
Falls,1-RED (COMBINED),8904,939.0,686.0,1642.0,15949.0,777,199,15.65
Falls,Life threatening,9302,924.0,678.0,1609.0,15949.0,786,202,15.4
Fire - Standby,3-ORANGE,115,1039.0,910.0,1641.0,3976.0,9,1,17.32
Fire - With Patients,0-PURPLE,7,723.0,675.0,948.0,1060.0,0,0,12.05
Fire - With Patients,3-ORANGE,9,721.0,837.0,1052.0,1326.0,0,0,12.02
Fire - With Patients,4-YELLOW,2,852.0,852.0,1239.0,1336.0,0,0,14.2
Fire - With Patients,1-RED (COMBINED),294,631.0,538.0,1044.0,3276.0,3,0,10.52
Fire - With Patients,Life threatening,301,633.0,544.0,1044.0,3276.0,3,0,10.55
Fire - Working,3-ORANGE,5,1174.0,1093.0,1689.0,1771.0,0,0,19.57
Fire - Working,4-YELLOW,1,581.0,581.0,581.0,581.0,0,0,9.68
Fire - Working,1-RED (COMBINED),213,976.0,863.0,1663.0,3340.0,17,0,16.27
Fire - Working,Life threatening,213,976.0,863.0,1663.0,3340.0,17,0,16.27
Headache,0-PURPLE,1,413.0,413.0,413.0,413.0,0,0,6.88
Headache,3-ORANGE,1805,1757.0,1346.0,3171.0,22885.0,546,132,29.28
Headache,4-YELLOW,878,2607.0,1763.0,5204.0,26623.0,431,189,43.45
Headache,1-RED (COMBINED),67,1447.0,956.0,3040.0,10703.0,11,6,24.12
Headache,Life threatening,68,1432.0,951.0,3026.0,10703.0,11,6,23.87
Heart Problems,0-PURPLE,8,685.0,581.0,1238.0,1278.0,0,0,11.42
Heart Problems,3-ORANGE,2573,1390.0,1134.0,2390.0,13966.0,541,69,23.17
Heart Problems,4-YELLOW,211,2289.0,1780.0,4426.0,20327.0,103,32,38.15
Heart Problems,1-RED (COMBINED),3355,783.0,652.0,1159.0,7874.0,150,27,13.05
Heart Problems,Life threatening,3363,783.0,652.0,1163.0,7874.0,150,27,13.05
Heart Problems (ALS),1-RED (COMBINED),56,645.0,610.0,950.0,1076.0,0,0,10.75
Heart Problems (ALS),Life threatening,56,645.0,610.0,950.0,1076.0,0,0,10.75
Heat/Cold Exposure,0-PURPLE,1,632.0,632.0,632.0,632.0,0,0,10.53
Heat/Cold Exposure,3-ORANGE,449,1570.0,1216.0,2740.0,17142.0,117,23,26.17
Heat/Cold Exposure,4-YELLOW,226,2080.0,1455.0,4159.0,13994.0,89,32,34.67
Heat/Cold Exposure,1-RED (COMBINED),123,909.0,693.0,1610.0,7914.0,9,3,15.15
Heat/Cold Exposure,Life threatening,124,907.0,692.0,1610.0,7914.0,9,3,15.12
Hemorrhage/Lacerations,0-PURPLE,11,1016.0,882.0,1962.0,2022.0,2,0,16.93
Hemorrhage/Lacerations,3-ORANGE,4807,1719.0,1312.0,3021.0,28445.0,1442,322,28.65
Hemorrhage/Lacerations,4-YELLOW,4147,2454.0,1640.0,5226.0,29784.0,1863,777,40.9
Hemorrhage/Lacerations,1-RED (COMBINED),1513,1094.0,715.0,2192.0,23046.0,185,63,18.23
Hemorrhage/Lacerations,Life threatening,1524,1093.0,717.0,2183.0,23046.0,187,63,18.22
Inaccessible Incident,3-ORANGE,6,1008.0,650.0,1836.0,2692.0,1,0,16.8
Inaccessible Incident,4-YELLOW,1,1083.0,1083.0,1083.0,1083.0,0,0,18.05
Inaccessible Incident,1-RED (COMBINED),18,635.0,558.0,958.0,1464.0,0,0,10.58
Inaccessible Incident,Life threatening,18,635.0,558.0,958.0,1464.0,0,0,10.58
Interfacility,0-PURPLE,227,510.0,476.0,729.0,1590.0,0,0,8.5
Interfacility,3-ORANGE,12209,1785.0,1376.0,3179.0,28847.0,3939,882,29.75
Interfacility,4-YELLOW,3800,3355.0,2088.0,7473.0,27545.0,2135,1156,55.92
Interfacility,1-RED (COMBINED),10627,745.0,634.0,1012.0,19286.0,272,89,12.42
Interfacility,Life threatening,10854,740.0,631.0,1007.0,19286.0,272,89,12.33
Life or Limb,1-RED (COMBINED),373,875.0,602.0,1356.0,11159.0,20,9,14.58
Life or Limb,Life threatening,373,875.0,602.0,1356.0,11159.0,20,9,14.58
OoT - Code 4,3-ORANGE,1,522.0,522.0,522.0,522.0,0,0,8.7
Overdose/Poison,0-PURPLE,751,428.0,389.0,626.0,4065.0,3,1,7.13
Overdose/Poison,3-ORANGE,4340,1345.0,1108.0,2465.0,12450.0,916,126,22.42
Overdose/Poison,4-YELLOW,484,2191.0,1339.0,4769.0,27054.0,179,72,36.52
Overdose/Poison,1-RED (COMBINED),6266,662.0,559.0,1022.0,16192.0,153,24,11.03
Overdose/Poison,Life threatening,7017,637.0,535.0,988.0,16192.0,156,25,10.62
Preg/Childbirth/Miscar,0-PURPLE,8,482.0,475.0,643.0,679.0,0,0,8.03
Preg/Childbirth/Miscar,3-ORANGE,524,1559.0,1226.0,2889.0,16578.0,136,26,25.98
Preg/Childbirth/Miscar,4-YELLOW,129,1760.0,1353.0,3325.0,8737.0,45,12,29.33
Preg/Childbirth/Miscar,1-RED (COMBINED),981,734.0,651.0,1067.0,4438.0,26,3,12.23
Preg/Childbirth/Miscar,Life threatening,989,732.0,650.0,1065.0,4438.0,26,3,12.2
Psych/Abn Behav/Suic Att,0-PURPLE,40,737.0,532.0,1316.0,3575.0,2,0,12.28
Psych/Abn Behav/Suic Att,3-ORANGE,7344,1583.0,1290.0,2787.0,17013.0,2026,358,26.38
Psych/Abn Behav/Suic Att,4-YELLOW,4092,2340.0,1685.0,4626.0,23418.0,1882,687,39.0
Psych/Abn Behav/Suic Att,1-RED (COMBINED),1690,874.0,729.0,1343.0,10029.0,75,16,14.57
Psych/Abn Behav/Suic Att,Life threatening,1730,871.0,722.0,1342.0,10029.0,77,16,14.52
Query - OoT Code 4,3-ORANGE,12,1292.0,1314.0,2135.0,3545.0,4,0,21.53
Query - OoT Code 4,1-RED (COMBINED),3,2040.0,1952.0,2958.0,3210.0,2,0,34.0
Query - OoT Code 4,Life threatening,3,2040.0,1952.0,2958.0,3210.0,2,0,34.0
Relieve,4-YELLOW,6,2335.0,2325.0,4586.0,4924.0,3,3,38.92
STEMI-Stable,3-ORANGE,1,867.0,867.0,867.0,867.0,0,0,14.45
STEMI-Stable,1-RED (COMBINED),485,741.0,572.0,1205.0,14088.0,13,6,12.35
STEMI-Stable,Life threatening,485,741.0,572.0,1205.0,14088.0,13,6,12.35
STEMI-Unstable,1-RED (COMBINED),69,670.0,604.0,1088.0,2268.0,1,0,11.17
STEMI-Unstable,Life threatening,69,670.0,604.0,1088.0,2268.0,1,0,11.17
STROKE - Stable,1-RED (COMBINED),302,666.0,585.0,1131.0,2725.0,6,0,11.1
STROKE - Stable,Life threatening,302,666.0,585.0,1131.0,2725.0,6,0,11.1
STROKE - Unstable,1-RED (COMBINED),57,661.0,576.0,1081.0,2765.0,1,0,11.02
STROKE - Unstable,Life threatening,57,661.0,576.0,1081.0,2765.0,1,0,11.02
Sick Person(spec diag),0-PURPLE,19,1426.0,1415.0,2386.0,2679.0,6,0,23.77
Sick Person(spec diag),3-ORANGE,24155,1749.0,1321.0,3109.0,29844.0,7396,1799,29.15
Sick Person(spec diag),4-YELLOW,17951,2577.0,1749.0,5340.0,57080.0,8736,3632,42.95
Sick Person(spec diag),5-REFERRAL 811,1,433.0,433.0,433.0,433.0,0,0,7.22
Sick Person(spec diag),1-RED (COMBINED),865,1252.0,802.0,2414.0,18121.0,139,43,20.87
Sick Person(spec diag),Life threatening,884,1256.0,807.0,2414.0,18121.0,145,43,20.93
Stab/Gunshot/Penetrating,0-PURPLE,232,500.0,472.0,715.0,1608.0,0,0,8.33
Stab/Gunshot/Penetrating,3-ORANGE,65,846.0,723.0,1567.0,2343.0,4,0,14.1
Stab/Gunshot/Penetrating,4-YELLOW,2,632.0,632.0,788.0,827.0,0,0,10.53
Stab/Gunshot/Penetrating,1-RED (COMBINED),338,534.0,474.0,809.0,1847.0,1,0,8.9
Stab/Gunshot/Penetrating,Life threatening,570,520.0,474.0,775.0,1847.0,1,0,8.67
Stroke (CVA),0-PURPLE,14,714.0,622.0,1212.0,1355.0,0,0,11.9
Stroke (CVA),3-ORANGE,2862,1440.0,1180.0,2562.0,16465.0,649,107,24.0
Stroke (CVA),4-YELLOW,101,2215.0,1564.0,5142.0,10469.0,40,17,36.92
Stroke (CVA),1-RED (COMBINED),6069,812.0,677.0,1148.0,16592.0,261,68,13.53
Stroke (CVA),Life threatening,6083,811.0,677.0,1149.0,16592.0,261,68,13.52
TTC Emergency Alarm,3-ORANGE,75,910.0,703.0,1857.0,3285.0,9,0,15.17
TTC Emergency Alarm,1-RED (COMBINED),1,524.0,524.0,524.0,524.0,0,0,8.73
TTC Emergency Alarm,Life threatening,1,524.0,524.0,524.0,524.0,0,0,8.73
Team and Equip,3-ORANGE,1094,1221.0,1096.0,2273.0,12503.0,218,37,20.35
Team and Equip,1-RED (COMBINED),1,608.0,608.0,608.0,608.0,0,0,10.13
Team and Equip,Life threatening,1,608.0,608.0,608.0,608.0,0,0,10.13
Team and Equip,SCHEDULED TRANSFER,3,1910.0,1871.0,3398.0,3780.0,2,1,31.83
Traffic/Transp Accidents,0-PURPLE,178,692.0,574.0,1238.0,5390.0,4,1,11.53
Traffic/Transp Accidents,3-ORANGE,5142,1381.0,1180.0,2556.0,11524.0,1213,169,23.02
Traffic/Transp Accidents,4-YELLOW,539,1610.0,1261.0,3154.0,12725.0,155,36,26.83
Traffic/Transp Accidents,1-RED (COMBINED),3302,625.0,526.0,991.0,8791.0,78,12,10.42
Traffic/Transp Accidents,Life threatening,3480,628.0,526.0,1003.0,8791.0,82,13,10.47
Traumatic Inj Specific,0-PURPLE,2,1220.0,1220.0,1239.0,1244.0,0,0,20.33
Traumatic Inj Specific,3-ORANGE,6011,1522.0,1245.0,2659.0,22846.0,1534,255,25.37
Traumatic Inj Specific,4-YELLOW,1963,2633.0,1701.0,5664.0,32183.0,937,424,43.88
Traumatic Inj Specific,5-REFERRAL 811,1,321.0,321.0,321.0,321.0,0,0,5.35
Traumatic Inj Specific,1-RED (COMBINED),1103,999.0,717.0,1904.0,11962.0,124,23,16.65
Traumatic Inj Specific,Life threatening,1105,999.0,717.0,1904.0,11962.0,124,23,16.65
Unconscious/Faint (near),0-PURPLE,1101,535.0,476.0,771.0,5919.0,11,3,8.92
Unconscious/Faint (near),3-ORANGE,7821,1505.0,1197.0,2709.0,18042.0,1942,378,25.08
Unconscious/Faint (near),4-YELLOW,694,2112.0,1488.0,4248.0,14562.0,262,96,35.2
Unconscious/Faint (near),1-RED (COMBINED),18519,667.0,557.0,988.0,13308.0,549,105,11.12
Unconscious/Faint (near),Life threatening,19620,659.0,551.0,978.0,13308.0,560,108,10.98
Union,3-ORANGE,1,26.0,26.0,26.0,26.0,0,0,0.43
Union,4-YELLOW,1,28520.0,28520.0,28520.0,28520.0,1,1,475.33
Unknown Prob (man down),0-PURPLE,9,768.0,840.0,1286.0,1393.0,0,0,12.8
Unknown Prob (man down),3-ORANGE,1738,832.0,688.0,1877.0,11149.0,189,22,13.87
Unknown Prob (man down),4-YELLOW,279,1730.0,1313.0,3282.0,12658.0,89,23,28.83
Unknown Prob (man down),6-REFERRAL TFS,11,1354.0,1115.0,1957.0,4127.0,2,1,22.57
Unknown Prob (man down),1-RED (COMBINED),74,345.0,361.0,731.0,1300.0,0,0,5.75
Unknown Prob (man down),Life threatening,83,391.0,396.0,882.0,1393.0,0,0,6.52
